{"cameraMode":{"drawMode":0,"name":"Shaded","section":"Shading Mode"},"sceneLighting":false,"audioPlay":false,"sceneViewState":{"showFog":true,"showMaterialUpdate":false,"showSkybox":true,"showFlares":true,"showImageEffects":true,"showParticleSystems":true},"in2DMode":false,"pivot":{"x":-0.0023431777954101564,"y":0.9888241291046143,"z":0.0},"rotation":{"x":-0.20521162450313569,"y":-0.07567194104194641,"z":0.015916064381599428,"w":-0.9756580591201782},"size":6.0959577560424809,"orthographic":false}