{"cameraMode":{"drawMode":0,"name":"Shaded","section":"Shading Mode"},"sceneLighting":false,"audioPlay":false,"sceneViewState":{"showFog":true,"showMaterialUpdate":false,"showSkybox":true,"showFlares":true,"showImageEffects":true,"showParticleSystems":true},"in2DMode":false,"pivot":{"x":-0.0023431777954101564,"y":0.9888241291046143,"z":0.0},"rotation":{"x":-0.021573660895228387,"y":-0.9774401187896729,"z":0.16910256445407868,"w":-0.12469865381717682},"size":6.0959577560424809,"orthographic":false}