{"cameraMode":{"drawMode":0,"name":"Shaded","section":"Shading Mode"},"sceneLighting":false,"audioPlay":false,"sceneViewState":{"showFog":true,"showMaterialUpdate":false,"showSkybox":true,"showFlares":true,"showImageEffects":true,"showParticleSystems":true},"in2DMode":false,"pivot":{"x":0.0002976357936859131,"y":1.1906806230545045,"z":0.001286342740058899},"rotation":{"x":-0.03297597914934158,"y":-0.13986411690711976,"z":0.0046607633121311668,"w":-0.989610493183136},"size":4.355795383453369,"orthographic":false}